createdealership, 1621845683607,
addcar, 1621845688712,
showcars, 1621845692785,
createdealership, 1621845711137,
addcar, 1621845717447,
createdealership, 1622017248588,
addcar, 1622017272872,
createdealership, 1622021979473,
createdealership, 1622022819241,
createdealership, 1622022895700,
createdealership, 1622023211495,
createdealership, 1622023303919,
createdealership, 1622023406790,
addcar, 1622023437506,
showcars, 1622023467946,
showcars, 1622023512424,
createdealership, 1622023567085,
addcar, 1622023589546,
showcars, 1622023614611,
addcar, 1622023624139,
showcars, 1622023645566,
showcars, 1622023660947,
showcars, 1622023802182,
createdealership, 1622023812651,
addcar, 1622023828613,
addcar, 1622023833984,
addcar, 1622023838861,
showcars, 1622023841033,
showcars, 1622023857731,
showcars, 1622023872466,
